,sigma,mu,max
0,14,70,0.1377631574869156
1,10,50,0.12759430706501007
2,12,60,0.11076320707798004
3,30,150,0.10572786629199982
4,16,80,0.09393668919801712
5,38,190,0.08026888221502304
6,26,130,0.08011879026889801
7,20,100,0.07235678285360336
8,28,140,0.06660452485084534
9,24,120,0.06620022654533386
10,36,180,0.0645599365234375
11,32,160,0.06379681080579758
12,22,110,0.06016285717487335
13,18,90,0.05690322443842888
14,34,170,0.050068825483322144
